Blockchain,Blok??de,Blockchain technology is revolutionizing the way we handle secure online transactions.
Malware,kaitiga programmatÅ«ra,It's important to have malware protection on your computer.
Hardware,Aparat?ra,The computer hardware needs an upgrade for newer software.
Server,serveris,The server hosts multiple websites on the internet.
Database,datu b?ze,We store all the customer information in our database.
Biometrics,Biometrija,Biometrics such as fingerprint scanning are used for secure authentication.
Byte,Baits,A byte consists of eight bits.
Blog,blogs,She shares her knowledge on a weekly blog.
Bot,bots,Bots can automate tasks but sometimes can be malicious.
Byte,baits,A byte consists of eight bits.
Cookie,sÄ«kdatne,Cookies store information about your website visit.
,Mikroservisi,
Spam,Spams,My inbox is full of spam
,,My inbox is full of spam
Emoticon,emocijzÄ«me,She sent an emoticon to express her happiness.
Encryption,sifresana,Strong encryption is critical for online transactions.
Hyperlink,hipersaite,You can click on the hyperlink to visit the referenced site.
Icon,ikona,Each application on your phone has an icon.
Laptop,klÄ“pjdators,My laptop is lightweight and convenient for travel.
Deep Learning,"Dzi##$m ?c?š$""""",Deep learning techniques are a driving force behind the recent advancements in artificial intelligence.
Cloud computing,M?ko?datošana,Cloud computing allows you to access data remotely.
Network,tikls,The office network allows employees to share resources.
Password,parole,Create a strong password to protect your account.
Profile,profils,Users can view your public profile on the platform.
Backup,Dubl?jums,Regular backup is important to prevent data loss.
Operating System,operetajsistema,The operating system manages the computer's hardware and software resources.
Phishing,fisings,Be wary of phishing attempts that trick you into giving out personal information.
Plugin,spraudnis,I installed a plugin to enhance the functionality of my browser.
Pop-up,uzlecoshais logs,Disable pop-up windows to improve your browsing experience.
Protocol,protokols,The devices communicate using a specific protocol.
Reboot,pÄrstartÄ“Å¡ana,A quick reboot of the system can solve many issues.
Screenshot,ekrÄnuzÅ†Ä“mums,Take a screenshot to have a record of your current screen.
Template,veidne,Use a template to maintain consistency in document layout.
Thread, pavediens,The program's performance improved after optimizing the threads.
USB,USB,Connect the device to your computer using a USB port.
Username,lietotÄjvÄrds,Create a unique username for your online profile.
Virtual,virtuÄls,Virtual meetings have become a norm due to remote work.
Webinar,vebinÄrs,Join our webinar to learn more about the latest industry trends.
Virtual reality,Virtu?l? realit?te,Virtual reality technology is used in advanced gaming.
Analytics,analÄ«tika,We use analytics tools to track our website's performance.
Beta,beta,The software is in its beta stage and may have some bugs.
Cache,keÅ¡atmiÅ†a,Clear the cache to help your device run faster.
Data,dati,Data analysis is key to making informed decisions.
Download,lejupielÄde,The download will complete in approximately five minutes.
Encryption,Å¡ifrÄ“Å¡ana,Encryption protects sensitive information from unauthorized access.
,oÅ¡o vÄ“stuÄ,
Username,lietotÄjvÄrds,Create a unique username for your online profile.
Firmware,Programmaparat?ra,The latest firmware update for our routers included several security enhancements.
Inbox,ienÄkoÅ¡o vÄ“stuÄ¼u kaste,Check your inbox for the confirmation email.
JavaScript,JavaScript,The website uses JavaScript to create interactive elements.
